Year,Player,Prospect Grade,Total Score,Player Comparison,Pick
2020,Joe Burrow,7.07,89,Kurt Warner,1
2020,Tua Tagovailoa,6.77,87,Mark Brunell,5
2020,Justin Herbert,6.45,89,Carson Wentz,6
2020,Jordan Love,6.35,78,Blake Bortles,26
2020,Jalen Hurts,6.14,84,Tim Tebow,53
2020,Jacob Eason,6.25,67,Carson Palmer,122
2020,James Morgan,5.96,68,,125
2020,Jake Fromm,6.16,70,Colt McCoy,167
2020,Jake Luton,5.68,66,Davis Webb,180
2020,Cole McDonald,5.4,68,,224
2020,Tommy Stevens,5.68,,,240
2022,Kenny Pickett,6.4,84,Andy Dalton,20
2022,Desmond Ridder,6.36,80,Alex Smith,74
2022,Malik Willis,6.41,80,Jalen Hurts,86
2022,Matt Corral,6.4,80,Baker Mayfield,94
2022,Bailey Zappe,5.67,71,,137
2022,Sam Howell,6.22,78,Chase Daniel,144
2022,Chris Oladokun,5.69,,,241
2022,Skylar Thompson,5.54,65,,247
2022,Brock Purdy,5.57,72,,262
2023,Bryce Young,6.82,90,Drew Brees,1
2023,C.J. Stroud,6.7,84,Jared Goff,2
2023,Anthony Richardson,6.4,80,Cam Netwon,4
2023,Will Levis,6.34,80,Jay Cutler,33
2023,Jake Haener,5.8,72,,127
2023,Stetson Bennett,5.94,75,Nick Mullens,128
2023,Aidan O'Connell,5.96,60,,135
2023,Clayton Tune,5.86,77,,138
2023,Dorian Thompson-Robinson,5.69,66,,139
2023,Sean Clifford,5.54,,,148
2023,Jaren Hall,5.96,72,Gardner Minshew,163
2023,Tanner McKee,5.8,70,,188
2023,Max Duggan,5.64,72,Sam Ehlinger,239
2024,Caleb Williams,6.74,92,Kyler Murray,1
2024,Jayden Daniels,6.73,93,,2
2024,Drake Maye,6.5,84,,3
2024,Michael Penix Jr.,6.25,83,Tua Tagovailoa,8
2024,J.J. McCarthy,6.4,81,,10
2024,Bo Nix,6.39,83,Tony Romo,12
2024,Spencer Rattler,5.95,74,,150
2024,Jordan Travis,5.89,72,,171
2024,Joe Milton,5.8,71,,193
2024,Devin Leary,5.84,66,,218
2024,Michael Pratt,5.88,72,,245
2025,Cam Ward,6.39,86,,1
2025,Jaxson Dart,6.17,78,Gardner Minshew,25
2025,Tyler Shough,6.16,68,,40
2025,Jalen Milroe,6.14,81,Kordell Stewart,92
2025,Dillon Gabriel,6.1,75,,94
2025,Shedeur Sanders,6.3,79,,144
2025,Kyle McCord,6.13,66,Mitchell Trubisky,181
2025,Will Howard,5.9,74,Blake Bortles,185
2025,Riley Leonard,5.93,71,,189
2025,Graham Mertz,5.67,66,,197
2025,Cam Miller,5.66,,,215
2025,Kurtis Rourke,5.82,70,,227
2025,Quinn Ewers,6.15,74,Sam Howell,231
